1,Précautions à prendre en forêt ou proximité immédiate,2023-03-12,1,"Se renseigner sur les conditions météorologiques avant de se rendre en forêt;
Avoir un téléphone portable sur soi pour alerter les secours en cas de besoin;
Prévenir ses proches de l’itinéraire emprunté;
Respecter les chemins balisés;
Ne jamais allumer de feu en forêt, dans les bois ou à proximité, même s’il s’agit d’un barbecue;
Ne jamais jeter de mégots de cigarette dans une zone boisée ou par la fenêtre de la voiture;
Prendre garde à l’endroit où est stationnée la voiture : le pot d’échappement à haute température peut enflammer l’herbe sèche;
Veiller à camper dans un lieu autorisé, sécurisé et protégé;
Respecter les interdictions d’accès aux zones boisées;"
2,Habitation proche des forêt,2023-03-12,1,"Les habitations situées en forêt font l’objet d’une réglementation spécifique stricte.
Se renseigner auprès de la mairie et du centre de secours le plus proche pour connaître toutes les réglementations à respecter.
Obligation de débroussailler les abords des lieux d’habitation situé en forêt ou à proximité.
Le non-respect de cette obligation peut entraîner une contravention pouvant atteindre 1.500 euros ;
Ne pas mettre des gouttières en plastiques ;
Ne pas stocker à proximité immédiate de la maison le bois, le fuel et le butane ;
En cas de feu et s’il y a une piscine dans la propriété, la mettre à disposition des sapeurs-pompiers ;
Ne pas planter de végétaux trop proche de la maison.
Eviter de planter des chênes Kermès, des cyprès,des mimosas, des eucalyptus, des végétaux épineux et des conifères, ce sont des plantes très inflammables ;
Couper les branches des arbres pour qu’elles soient à plus de 3 mètres de la façade ;
Ne rien brûler entre avril et septembre."
