TitleNews,ContenuNews,DateNews
Pyrénées-Orientales : un violent incendie mobilise les pompiers à Cerbère,"« On a très peur pour cet été dans les Pyrénées-Orientales », confiait il y a deux jours un responsable du Service départemental d’incendie et de secours (Sdis 66), craignant « un risque d’incendie qui va être très très élevé » à cause de la sécheresse. Le lieutenant, interrogé par Franceinfo, ne pensait hélas pas si bien dire, et il n’a pas fallu ",2023-04-16
Dubaï : 16 morts dans l’incendie d’un immeuble,"Un incendie a ravagé samedi une partie d’un immeuble d’habitation dans un quartier ancien de Dubaï, aux Émirats arabes unis, tuant au moins 16 personnes et en blessant neuf autres. Le journal d’État The National a cité un communiqué de la défense civile de Dubaï fourni par le bureau des médias de la ville-État pour le bilan des victimes. L’incendie",2023-04-16
"Montfermeil : l’école Jules-Ferry, en construction, ravagée par un important incendie","Les images sont impressionnantes. Un important incendie s’est déclaré, ce samedi 15 avril dans l’après-midi, au sein de l’école maternelle Jules-Ferry, avenue Gabriel-Péri, à Montfermeil (Seine-Saint-Denis). Cette école était en construction, précise la mairie. « De très nombreuses unités d’interventions sont présentes pour protéger les biens et su",2023-04-15
VIDÉO. Retraites : les portes d’un commissariat et d’un ancien couvent incendiées à Rennes,"La situation s’est tendue à Rennes, ce vendredi soir. La porte d’un commissariat et celle d’un ancien couvent ont été incendiées au centre de la ville, lors d’une manifestation sauvage juste après la décision du Conseil constitutionnel qui a validé l’essentiel de la réforme des retraites. Les feux ont été déclenchés au moyen notamment de poubelles ",2023-04-15
Incendie de la cathédrale Notre-Dame : de nouvelles expertises ordonnées,"Quatre ans après l’incendie de la cathédrale Notre-Dame de Paris, les investigations menées par trois juges d’instruction se poursuivent pour déterminer l’origine du sinistre et de nouvelles expertises ont été ordonnées, a indiqué jeudi une source judiciaire. « Les unes ont pour objectif d’affiner la zone et l’instant du départ des flammes. Les aut",2023-04-14
Incendie de Notre-Dame : la reconstruction de la flèche a débuté,"La nouvelle flèche de Notre-Dame de Paris sera identique à la précédente, conçue par l'architecte Viollet-le-Duc.

La nouvelle flèche de Notre-Dame de Paris sera identique à la précédente, conçue par l’architecte Viollet-le-Duc. La réouverture de l’édifice est prévue pour fin 2024.

Quatre ans après l'incendie qui l'a ravagée, Notre-Dame de Paris v",2023-04-13
Bussy-Saint-Georges : une mère de famille décède dans l’incendie de son appartement,"« Cela me fait mal au cœur. Je suis une maman, moi aussi, j’ai quatre enfants », murmure une femme, les yeux humides. Cette habitante de Bussy-Saint-Georges (Seine-et-Marne) attendait au gymnase Michel-Jazy, mercredi après-midi, de pouvoir réintégrer son appartement situé au 5, ruelle aux Loups, après le drame qui a frappé son immeuble dans la nuit",2023-04-12
Plomb à Notre-Dame : une enquête diligentée,"Des ouvriers retirent des éléments endommagés du toit de la cathédrale Notre-Dame, le 14 juillet 2020. CHARLES PLATIAU / REUTERS

Le spectre de la pollution au plomb survenu après l’incendie de la cathédrale Notre-Dame de Paris resurgit. Une juge d’instruction a été désignée pour enquêter sur une possible mise en danger d’autrui à la suite d’une pl",2023-04-12
Incendies : le gouvernement promet des bombardiers d’eau et des pompiers supplémentaires pour cet été,"par

Davantage d’appareils bombardiers d’eau, d’engins terrestres, de pompiers et de militaires. Le gouvernement a annoncé mardi 11 avril au soir un renforcement «inédit» des moyens de lutte contre les feux de forêt, après un été marqué par des incendies majeurs. En 2022, 72 000 hectares sont partis en fumée et 19 711 feux ont été enregistrés selon",2023-04-12
TGV : trafic interrompu au sud de Bordeaux après un incendie volontaire,"Un « acte de vandalisme » commis dans les Landes perturbe fortement la circulation des trains dans le Sud-Ouest depuis mercredi matin, a annoncé la SNCF. Aucun TGV ne circule au sud de Bordeaux depuis 6 heures ce matin, et la reprise du trafic est estimée à 14 heures.

Des câbles d’alimentation et des dispositifs de signalisation ont été dégradés e",2023-04-12
